{
  "Author": "Awesome7285",
  "Compatibility": "Compatible",
  "DefuserDifficulty": "Hard",
  "Description": "Decipher a word using the Unicode codepoints of two CJK Ideographs. Tags: qwerty-keyboard, 2-displays, tick-button, chinese, japanese, kanji",
  "ExpertDifficulty": "Medium",
  "ModuleID": "MaasCipher",
  "Name": "Maas Cipher",
  "Origin": "Mods",
  "Published": "2024-08-25",
  "SortKey": "MAAS CIPHER",
  "SourceUrl": "https://github.com/Awesome7285/MaasCipher",
  "SteamID": "3316721033",
  "Symbol": "Maas",
  "Type": "Regular"
}